<?xml version="1.0" ?>
<words>
	<noun word="August"/>
	<noun word="Spartan"/>
	<noun word="able"/>
	<noun word="account"/>
	<noun word="achieve"/>
	<noun word="acid"/>
	<noun word="act"/>
	<noun word="action"/>
	<noun word="activity"/>
	<noun word="actor"/>
	<noun word="addition"/>
	<noun word="adjustment"/>
	<noun word="advertisement"/>
	<noun word="advice"/>
	<noun word="aftermath"/>
	<noun word="afternoon"/>
	<noun word="afterthought"/>
	<noun word="agreement"/>
	<noun word="air"/>
	<noun word="airplane"/>
	<noun word="airport"/>
	<noun word="alarm"/>
	<noun word="amount"/>
	<noun word="amp"/>
	<noun word="amusement"/>
	<noun word="anger"/>
	<noun word="angle"/>
	<noun word="animal"/>
	<noun word="answer"/>
	<noun word="ant"/>
	<noun word="apparatus"/>
	<noun word="apparel"/>
	<noun word="apple"/>
	<noun word="appliance"/>
	<noun word="approval"/>
	<noun word="arch"/>
	<noun word="argument"/>
	<noun word="arithmetic"/>
	<noun word="arm"/>
	<noun word="army"/>
	<noun word="art"/>
	<noun word="attack"/>
	<noun word="attempt"/>
	<noun word="attention"/>
	<noun word="attraction"/>
	<noun word="aunt"/>
	<noun word="authority"/>
	<noun word="ax"/>
	<noun word="baby"/>
	<noun word="back"/>
	<noun word="badge"/>
	<noun word="bag"/>
	<noun word="bait"/>
	<noun word="balance"/>
	<noun word="ball"/>
	<noun word="balloon"/>
	<noun word="banana"/>
	<noun word="band"/>
	<noun word="base"/>
	<noun word="baseball"/>
	<noun word="basin"/>
	<noun word="basket"/>
	<noun word="basketball"/>
	<noun word="bat"/>
	<noun word="bath"/>
	<noun word="battle"/>
	<noun word="bead"/>
	<noun word="beam"/>
	<noun word="bean"/>
	<noun word="bear"/>
	<noun word="beast"/>
	<noun word="bed"/>
	<noun word="bedroom"/>
	<noun word="bee"/>
	<noun word="beef"/>
	<noun word="beetle"/>
	<noun word="beggar"/>
	<noun word="beginner"/>
	<noun word="behavior"/>
	<noun word="belief"/>
	<noun word="believe"/>
	<noun word="bell"/>
	<noun word="berry"/>
	<noun word="bike"/>
	<noun word="bird"/>
	<noun word="birth"/>
	<noun word="birthday"/>
	<noun word="bit"/>
	<noun word="bite"/>
	<noun word="blade"/>
	<noun word="blood"/>
	<noun word="bluff"/>
	<noun word="board"/>
	<noun word="boat"/>
	<noun word="boats"/>
	<noun word="body"/>
	<noun word="bomb"/>
	<noun word="bone"/>
	<noun word="book"/>
	<noun word="boot"/>
	<noun word="border"/>
	<noun word="bottle"/>
	<noun word="boundary"/>
	<noun word="box"/>
	<noun word="boy"/>
	<noun word="boy"/>
	<noun word="brain"/>
	<noun word="brake"/>
	<noun word="branch"/>
	<noun word="brass"/>
	<noun word="bread"/>
	<noun word="breakfast"/>
	<noun word="breath"/>
	<noun word="brick"/>
	<noun word="bridge"/>
	<noun word="brother"/>
	<noun word="brush"/>
	<noun word="bubble"/>
	<noun word="bucket"/>
	<noun word="building"/>
	<noun word="bulb"/>
	<noun word="bun"/>
	<noun word="burden"/>
	<noun word="burn"/>
	<noun word="bush"/>
	<noun word="business"/>
	<noun word="butter"/>
	<noun word="button"/>
	<noun word="cabbage"/>
	<noun word="cable"/>
	<noun word="cactus"/>
	<noun word="cake"/>
	<noun word="calculator"/>
	<noun word="calendar"/>
	<noun word="camera"/>
	<noun word="camp"/>
	<noun word="can"/>
	<noun word="cannon"/>
	<noun word="canvas"/>
	<noun word="cap"/>
	<noun word="caption"/>
	<noun word="car"/>
	<noun word="card"/>
	<noun word="carpenter"/>
	<noun word="carriage"/>
	<noun word="cart"/>
	<noun word="cast"/>
	<noun word="cat"/>
	<noun word="cause"/>
	<noun word="cavalier"/>
	<noun word="cave"/>
	<noun word="celery"/>
	<noun word="cellar"/>
	<noun word="cemetery"/>
	<noun word="cent"/>
	<noun word="chain"/>
	<noun word="chair"/>
	<noun word="chalk"/>
	<noun word="chance"/>
	<noun word="change"/>
	<noun word="channel"/>
	<noun word="cheese"/>
	<noun word="cherry"/>
	<noun word="chess"/>
	<noun word="chicken"/>
	<noun word="chin"/>
	<noun word="chipper"/>
	<noun word="church"/>
	<noun word="circle"/>
	<noun word="clam"/>
	<noun word="class"/>
	<noun word="clock"/>
	<noun word="cloth"/>
	<noun word="cloud"/>
	<noun word="clover"/>
	<noun word="club"/>
	<noun word="coach"/>
	<noun word="coal"/>
	<noun word="coast"/>
	<noun word="coat"/>
	<noun word="cobweb"/>
	<noun word="coil"/>
	<noun word="collar"/>
	<noun word="color"/>
	<noun word="comb"/>
	<noun word="comfort"/>
	<noun word="committee"/>
	<noun word="company"/>
	<noun word="comparison"/>
	<noun word="competition"/>
	<noun word="condition"/>
	<noun word="connection"/>
	<noun word="control"/>
	<noun word="cook"/>
	<noun word="copper"/>
	<noun word="copy"/>
	<noun word="cord"/>
	<noun word="cork"/>
	<noun word="corn"/>
	<noun word="cough"/>
	<noun word="country"/>
	<noun word="cover"/>
	<noun word="cow"/>
	<noun word="coward"/>
	<noun word="cows"/>
	<noun word="crack"/>
	<noun word="cracker"/>
	<noun word="crate"/>
	<noun word="crayon"/>
	<noun word="cream"/>
	<noun word="creator"/>
	<noun word="creature"/>
	<noun word="credit"/>
	<noun word="crib"/>
	<noun word="crime"/>
	<noun word="crook"/>
	<noun word="cross"/>
	<noun word="crow"/>
	<noun word="crowd"/>
	<noun word="crown"/>
	<noun word="crush"/>
	<noun word="cry"/>
	<noun word="cub"/>
	<noun word="cup"/>
	<noun word="curmudgeon"/>
	<noun word="current"/>
	<noun word="curtain"/>
	<noun word="curve"/>
	<noun word="cushion"/>
	<noun word="dad"/>
	<noun word="daughter"/>
	<noun word="day"/>
	<noun word="death"/>
	<noun word="debt"/>
	<noun word="decision"/>
	<noun word="deer"/>
	<noun word="degree"/>
	<noun word="design"/>
	<noun word="desire"/>
	<noun word="desk"/>
	<noun word="destruction"/>
	<noun word="detail"/>
	<noun word="development"/>
	<noun word="digestion"/>
	<noun word="dime"/>
	<noun word="dinner"/>
	<noun word="dinosaurs"/>
	<noun word="direction"/>
	<noun word="dirt"/>
	<noun word="discovery"/>
	<noun word="discussion"/>
	<noun word="disease"/>
	<noun word="disgust"/>
	<noun word="distance"/>
	<noun word="distribution"/>
	<noun word="division"/>
	<noun word="dock"/>
	<noun word="doctor"/>
	<noun word="dog"/>
	<noun word="doll"/>
	<noun word="donkey"/>
	<noun word="door"/>
	<noun word="downtown"/>
	<noun word="drain"/>
	<noun word="drawer"/>
	<noun word="dress"/>
	<noun word="drink"/>
	<noun word="drop"/>
	<noun word="drug"/>
	<noun word="drum"/>
	<noun word="duck"/>
	<noun word="dust"/>
	<noun word="dust"/>
	<noun word="ear"/>
	<noun word="earth"/>
	<noun word="earthquake"/>
	<noun word="edge"/>
	<noun word="education"/>
	<noun word="effect"/>
	<noun word="egg"/>
	<noun word="eggnog"/>
	<noun word="elbow"/>
	<noun word="end"/>
	<noun word="engine"/>
	<noun word="error"/>
	<noun word="event"/>
	<noun word="example"/>
	<noun word="exchange"/>
	<noun word="existence"/>
	<noun word="expansion"/>
	<noun word="experience"/>
	<noun word="expert"/>
	<noun word="eye"/>
	<noun word="face"/>
	<noun word="fact"/>
	<noun word="fairy"/>
	<noun word="fall"/>
	<noun word="family"/>
	<noun word="fan"/>
	<noun word="fang"/>
	<noun word="farm"/>
	<noun word="farmer"/>
	<noun word="father"/>
	<noun word="faucet"/>
	<noun word="fear"/>
	<noun word="feast"/>
	<noun word="feather"/>
	<noun word="feeling"/>
	<noun word="feet"/>
	<noun word="fiction"/>
	<noun word="field"/>
	<noun word="fifth"/>
	<noun word="fight"/>
	<noun word="finger"/>
	<noun word="fire"/>
	<noun plural="firemen" word="fireman"/>
	<noun word="fish"/>
	<noun word="flag"/>
	<noun word="flame"/>
	<noun word="flavor"/>
	<noun word="flesh"/>
	<noun word="flight"/>
	<noun word="flock"/>
	<noun word="floor"/>
	<noun word="flower"/>
	<noun word="fly"/>
	<noun word="fog"/>
	<noun word="fold"/>
	<noun word="food"/>
	<noun word="foot"/>
	<noun word="force"/>
	<noun word="fork"/>
	<noun word="form"/>
	<noun word="fowl"/>
	<noun word="frame"/>
	<noun word="friction"/>
	<noun word="friend"/>
	<noun word="frog"/>
	<noun word="front"/>
	<noun word="fruit"/>
	<noun word="fuel"/>
	<noun word="galley"/>
	<noun word="game"/>
	<noun word="garden"/>
	<noun word="gate"/>
	<noun word="ghost"/>
	<noun word="giant"/>
	<noun word="giraffe"/>
	<noun word="girl"/>
	<noun word="glass"/>
	<noun word="glove"/>
	<noun word="glue"/>
	<noun word="goat"/>
	<noun word="gold"/>
	<noun word="goldfish"/>
	<noun word="goodbye"/>
	<noun word="goose"/>
	<noun word="goose"/>
	<noun word="government"/>
	<noun word="governor"/>
	<noun word="grade"/>
	<noun word="grain"/>
	<noun word="grandfather"/>
	<noun word="grandmother"/>
	<noun word="grape"/>
	<noun word="grass"/>
	<noun word="grip"/>
	<noun word="ground"/>
	<noun word="group"/>
	<noun word="growth"/>
	<noun word="guide"/>
	<noun word="guitar"/>
	<noun word="gun"/>
	<noun word="hair"/>
	<noun word="haircut"/>
	<noun word="hall"/>
	<noun word="hammer"/>
	<noun word="hand"/>
	<noun word="harbor"/>
	<noun word="harmony"/>
	<noun word="hat"/>
	<noun word="hate"/>
	<noun word="head"/>
	<noun word="health"/>
	<noun word="hearing"/>
	<noun word="heart"/>
	<noun word="heat"/>
	<noun word="heaven"/>
	<noun word="help"/>
	<noun word="hen"/>
	<noun word="hill"/>
	<noun word="history"/>
	<noun word="hobby"/>
	<noun word="hole"/>
	<noun word="holiday"/>
	<noun word="home"/>
	<noun word="honey"/>
	<noun word="hook"/>
	<noun word="hope"/>
	<noun word="horn"/>
	<noun word="horse"/>
	<noun word="hose"/>
	<noun word="hospital"/>
	<noun word="hot"/>
	<noun word="hour"/>
	<noun word="house"/>
	<noun word="humor"/>
	<noun word="hydrant"/>
	<noun word="ice"/>
	<noun word="icicle"/>
	<noun word="idea"/>
	<noun word="impulse"/>
	<noun word="income"/>
	<noun word="increase"/>
	<noun word="industry"/>
	<noun word="ink"/>
	<noun word="insect"/>
	<noun word="instrument"/>
	<noun word="insurance"/>
	<noun word="interest"/>
	<noun word="invention"/>
	<noun word="iron"/>
	<noun word="island"/>
	<noun word="jail"/>
	<noun word="jam"/>
	<noun word="jar"/>
	<noun word="jelly"/>
	<noun word="jellyfish"/>
	<noun word="jewel"/>
	<noun word="join"/>
	<noun word="joke"/>
	<noun word="journey"/>
	<noun word="judge"/>
	<noun word="juice"/>
	<noun word="jump"/>
	<noun word="kettle"/>
	<noun word="key"/>
	<noun word="kick"/>
	<noun word="kiss"/>
	<noun word="kite"/>
	<noun word="kite"/>
	<noun word="kitten"/>
	<noun word="kitty"/>
	<noun word="knee"/>
	<noun word="knife"/>
	<noun word="knot"/>
	<noun word="knowledge"/>
	<noun word="laborer"/>
	<noun word="lace"/>
	<noun word="ladybug"/>
	<noun word="lake"/>
	<noun word="lamp"/>
	<noun word="land"/>
	<noun word="language"/>
	<noun word="laugh"/>
	<noun word="lawyer"/>
	<noun word="lead"/>
	<noun word="leaf"/>
	<noun word="learning"/>
	<noun word="leather"/>
	<noun word="leg"/>
	<noun word="leisure"/>
	<noun word="letter"/>
	<noun word="lettuce"/>
	<noun word="level"/>
	<noun word="library"/>
	<noun word="lift"/>
	<noun word="light"/>
	<noun word="limit"/>
	<noun word="limp"/>
	<noun word="line"/>
	<noun word="linen"/>
	<noun word="lip"/>
	<noun word="liquid"/>
	<noun word="list"/>
	<noun word="lizards"/>
	<noun word="loaf"/>
	<noun word="lock"/>
	<noun word="locket"/>
	<noun word="look"/>
	<noun word="loss"/>
	<noun word="love"/>
	<noun word="low"/>
	<noun word="lumber"/>
	<noun word="lunch"/>
	<noun word="lunchroom"/>
	<noun word="machine"/>
	<noun word="magic"/>
	<noun word="maid"/>
	<noun word="mailbox"/>
	<noun plural="men" word="man"/>
	<noun word="manager"/>
	<noun word="manner"/>
	<noun word="map"/>
	<noun word="marble"/>
	<noun word="mark"/>
	<noun word="market"/>
	<noun word="mask"/>
	<noun word="mass"/>
	<noun word="match"/>
	<noun word="matron"/>
	<noun word="meal"/>
	<noun word="measure"/>
	<noun word="meat"/>
	<noun word="meeting"/>
	<noun word="memory"/>
	<noun word="men"/>
	<noun word="metal"/>
	<noun word="mice"/>
	<noun word="middle"/>
	<noun word="milk"/>
	<noun word="mind"/>
	<noun word="mine"/>
	<noun word="minister"/>
	<noun word="mint"/>
	<noun word="minute"/>
	<noun word="mist"/>
	<noun word="mitten"/>
	<noun word="mom"/>
	<noun word="money"/>
	<noun word="monkey"/>
	<noun word="month"/>
	<noun word="moon"/>
	<noun word="morning"/>
	<noun word="mother"/>
	<noun word="motion"/>
	<noun word="mountain"/>
	<noun word="mouth"/>
	<noun word="move"/>
	<noun word="muscle"/>
	<noun word="music"/>
	<noun word="nail"/>
	<noun word="name"/>
	<noun word="nation"/>
	<noun word="neck"/>
	<noun word="need"/>
	<noun word="needle"/>
	<noun word="nerve"/>
	<noun word="nest"/>
	<noun word="net"/>
	<noun word="news"/>
	<noun word="night"/>
	<noun word="noise"/>
	<noun word="north"/>
	<noun word="nose"/>
	<noun word="note"/>
	<noun word="notebook"/>
	<noun word="number"/>
	<noun word="nut"/>
	<noun word="oatmeal"/>
	<noun word="observation"/>
	<noun word="ocean"/>
	<noun word="offer"/>
	<noun word="office"/>
	<noun word="oil"/>
	<noun word="operation"/>
	<noun word="opinion"/>
	<noun word="orange"/>
	<noun word="oranges"/>
	<noun word="order"/>
	<noun word="organization"/>
	<noun word="ornament"/>
	<noun word="oven"/>
	<noun word="owl"/>
	<noun word="owner"/>
	<noun word="page"/>
	<noun word="pail"/>
	<noun word="pain"/>
	<noun word="paint"/>
	<noun word="pan"/>
	<noun word="pancake"/>
	<noun word="paper"/>
	<noun word="parcel"/>
	<noun word="parent"/>
	<noun word="park"/>
	<noun word="part"/>
	<noun word="partner"/>
	<noun word="party"/>
	<noun word="passenger"/>
	<noun word="paste"/>
	<noun word="patch"/>
	<noun word="payment"/>
	<noun word="peace"/>
	<noun word="pear"/>
	<noun word="pen"/>
	<noun word="pencil"/>
	<noun word="person"/>
	<noun word="pest"/>
	<noun word="pet"/>
	<noun word="pickle"/>
	<noun word="picture"/>
	<noun word="pie"/>
	<noun word="pig"/>
	<noun word="pin"/>
	<noun word="pipe"/>
	<noun word="pizza"/>
	<noun word="place"/>
	<noun word="plane"/>
	<noun word="plant"/>
	<noun word="plantation"/>
	<noun word="plastic"/>
	<noun word="plate"/>
	<noun word="play"/>
	<noun word="playground"/>
	<noun word="pleasure"/>
	<noun word="plot"/>
	<noun word="plough"/>
	<noun word="pocket"/>
	<noun word="point"/>
	<noun word="poison"/>
	<noun word="police"/>
	<noun word="polish"/>
	<noun word="pollution"/>
	<noun word="popcorn"/>
	<noun word="porter"/>
	<noun word="position"/>
	<noun word="pot"/>
	<noun word="potato"/>
	<noun word="powder"/>
	<noun word="power"/>
	<noun word="price"/>
	<noun word="print"/>
	<noun word="prison"/>
	<noun word="process"/>
	<noun word="produce"/>
	<noun word="profit"/>
	<noun word="property"/>
	<noun word="prose"/>
	<noun word="protest"/>
	<noun word="pull"/>
	<noun word="pump"/>
	<noun word="punishment"/>
	<noun word="purpose"/>
	<noun word="push"/>
	<noun word="quarter"/>
	<noun word="queen"/>
	<noun word="question"/>
	<noun word="quicksand"/>
	<noun word="quiet"/>
	<noun word="quill"/>
	<noun word="quilt"/>
	<noun word="quiver"/>
	<noun word="rabbit"/>
	<noun word="rail"/>
	<noun word="railway"/>
	<noun word="rain"/>
	<noun word="rainstorm"/>
	<noun word="rake"/>
	<noun word="range"/>
	<noun word="rank"/>
	<noun word="rat"/>
	<noun word="rate"/>
	<noun word="ray"/>
	<noun word="reaction"/>
	<noun word="reading"/>
	<noun word="reason"/>
	<noun word="receipt"/>
	<noun word="recess"/>
	<noun word="record"/>
	<noun word="regret"/>
	<noun word="relation"/>
	<noun word="religion"/>
	<noun word="representative"/>
	<noun word="request"/>
	<noun word="respect"/>
	<noun word="rest"/>
	<noun word="reward"/>
	<noun word="rhythm"/>
	<noun word="rice"/>
	<noun word="riddle"/>
	<noun word="rifle"/>
	<noun word="ring"/>
	<noun word="river"/>
	<noun word="road"/>
	<noun word="robin"/>
	<noun word="rock"/>
	<noun word="rod"/>
	<noun word="roll"/>
	<noun word="roof"/>
	<noun word="room"/>
	<noun word="root"/>
	<noun word="rose"/>
	<noun word="route"/>
	<noun word="routine"/>
	<noun word="rub"/>
	<noun word="rule"/>
	<noun word="run"/>
	<noun word="sack"/>
	<noun word="sail"/>
	<noun word="salt"/>
	<noun word="sand"/>
	<noun word="scale"/>
	<noun word="scarecrow"/>
	<noun word="scarf"/>
	<noun word="scene"/>
	<noun word="scent"/>
	<noun word="school"/>
	<noun word="science"/>
	<noun word="screw"/>
	<noun word="sea"/>
	<noun word="seashore"/>
	<noun word="seat"/>
	<noun word="secretary"/>
	<noun word="seed"/>
	<noun word="selection"/>
	<noun word="self"/>
	<noun word="sense"/>
	<noun word="servant"/>
	<noun word="shade"/>
	<noun word="shake"/>
	<noun word="shame"/>
	<noun word="shape"/>
	<noun word="sheep"/>
	<noun word="sheet"/>
	<noun word="shelf"/>
	<noun word="ship"/>
	<noun word="shirt"/>
	<noun word="shock"/>
	<noun word="shoe"/>
	<noun word="shop"/>
	<noun word="show"/>
	<noun word="side"/>
	<noun word="sidewalk"/>
	<noun word="sign"/>
	<noun word="silk"/>
	<noun word="silver"/>
	<noun word="sink"/>
	<noun word="sister"/>
	<noun word="size"/>
	<noun word="skate"/>
	<noun word="skin"/>
	<noun word="skirt"/>
	<noun word="sky"/>
	<noun word="slack"/>
	<noun word="slave"/>
	<noun word="sleep"/>
	<noun word="sleet"/>
	<noun word="slip"/>
	<noun word="slope"/>
	<noun word="smash"/>
	<noun word="smell"/>
	<noun word="smile"/>
	<noun word="smoke"/>
	<noun word="snail"/>
	<noun word="snake"/>
	<noun word="sneeze"/>
	<noun word="snow"/>
	<noun word="soap"/>
	<noun word="society"/>
	<noun word="sock"/>
	<noun word="soda"/>
	<noun word="sofa"/>
	<noun word="son"/>
	<noun word="song"/>
	<noun word="sort"/>
	<noun word="sound"/>
	<noun word="soup"/>
	<noun word="space"/>
	<noun word="spade"/>
	<noun word="spark"/>
	<noun word="spider"/>
	<noun word="sponge"/>
	<noun word="spoon"/>
	<noun word="spot"/>
	<noun word="spring"/>
	<noun word="spruce"/>
	<noun word="spy"/>
	<noun word="square"/>
	<noun word="squirrel"/>
	<noun word="stage"/>
	<noun word="stamp"/>
	<noun word="star"/>
	<noun word="start"/>
	<noun word="statement"/>
	<noun word="station"/>
	<noun word="steam"/>
	<noun word="steel"/>
	<noun word="stem"/>
	<noun word="step"/>
	<noun word="stew"/>
	<noun word="stick"/>
	<noun plural="stimuli" word="stimulus"/>
	<noun word="stitch"/>
	<noun word="stocking"/>
	<noun word="stomach"/>
	<noun word="stone"/>
	<noun word="stop"/>
	<noun word="store"/>
	<noun word="story"/>
	<noun word="stove"/>
	<noun word="stranger"/>
	<noun word="straw"/>
	<noun word="stream"/>
	<noun word="street"/>
	<noun word="stretch"/>
	<noun word="string"/>
	<noun word="structure"/>
	<noun word="substance"/>
	<noun word="sugar"/>
	<noun word="suggestion"/>
	<noun word="suit"/>
	<noun word="summer"/>
	<noun word="sun"/>
	<noun word="support"/>
	<noun word="surprise"/>
	<noun word="sweater"/>
	<noun word="swim"/>
	<noun word="swing"/>
	<noun word="system"/>
	<noun word="table"/>
	<noun word="tail"/>
	<noun word="talk"/>
	<noun word="tank"/>
	<noun word="taste"/>
	<noun word="tax"/>
	<noun word="teaching"/>
	<noun word="team"/>
	<noun word="temper"/>
	<noun word="tendency"/>
	<noun word="tent"/>
	<noun word="territory"/>
	<noun word="test"/>
	<noun word="texture"/>
	<noun word="theory"/>
	<noun word="thing"/>
	<noun word="thought"/>
	<noun word="thread"/>
	<noun word="thrill"/>
	<noun word="throat"/>
	<noun word="throne"/>
	<noun word="thumb"/>
	<noun word="thunder"/>
	<noun word="ticket"/>
	<noun word="tiger"/>
	<noun word="time"/>
	<noun word="tin"/>
	<noun word="title"/>
	<noun word="toad"/>
	<noun word="toe"/>
	<noun word="tomato"/>
	<noun word="tongue"/>
	<noun word="tooth"/>
	<noun word="toothbrush"/>
	<noun word="toothpaste"/>
	<noun word="top"/>
	<noun word="touch"/>
	<noun word="town"/>
	<noun word="toy"/>
	<noun word="trade"/>
	<noun word="trail"/>
	<noun word="train"/>
	<noun word="trains"/>
	<noun word="tramp"/>
	<noun word="transport"/>
	<noun word="tray"/>
	<noun word="treatment"/>
	<noun word="tree"/>
	<noun word="trees"/>
	<noun word="trick"/>
	<noun word="trip"/>
	<noun word="trouble"/>
	<noun word="truck"/>
	<noun word="tub"/>
	<noun word="turkey"/>
	<noun word="turn"/>
	<noun word="twig"/>
	<noun word="twist"/>
	<noun word="umbrella"/>
	<noun word="uncle"/>
	<noun word="underwear"/>
	<noun word="unit"/>
	<noun word="use"/>
	<noun word="vacation"/>
	<noun word="value"/>
	<noun word="van"/>
	<noun word="vase"/>
	<noun word="vegetable"/>
	<noun word="veil"/>
	<noun word="vein"/>
	<noun word="verse"/>
	<noun word="vessel"/>
	<noun word="vest"/>
	<noun word="view"/>
	<noun word="visitor"/>
	<noun word="voice"/>
	<noun word="volcano"/>
	<noun word="volleyball"/>
	<noun word="voyage"/>
	<noun word="walk"/>
	<noun word="wall"/>
	<noun word="war"/>
	<noun word="ward"/>
	<noun word="wash"/>
	<noun word="waste"/>
	<noun word="watch"/>
	<noun word="water"/>
	<noun word="wave"/>
	<noun word="wax"/>
	<noun word="way"/>
	<noun word="wealth"/>
	<noun word="weather"/>
	<noun word="week"/>
	<noun word="weight"/>
	<noun word="wheel"/>
	<noun word="whip"/>
	<noun word="whistle"/>
	<noun word="wilderness"/>
	<noun word="wind"/>
	<noun word="window"/>
	<noun word="wine"/>
	<noun word="wing"/>
	<noun word="winter"/>
	<noun word="wire"/>
	<noun word="wish"/>
	<noun plural="women" word="woman"/>
	<noun word="wood"/>
	<noun word="wool"/>
	<noun word="word"/>
	<noun word="work"/>
	<noun word="worm"/>
	<noun word="wound"/>
	<noun word="wrench"/>
	<noun word="wrist"/>
	<noun word="writer"/>
	<noun word="writing"/>
	<noun word="yak"/>
	<noun word="yam"/>
	<noun word="yard"/>
	<noun word="yarn"/>
	<noun word="year"/>
	<noun word="yoke"/>
	<noun word="zebra"/>
	<noun word="zephyr"/>
	<noun word="zinc"/>
	<noun word="zipper"/>
	<noun word="zoo"/>
	<verb attrib="f" word="abate"/>
	<verb attrib="f" word="abstain"/>
	<verb attrib="if" word="answer"/>
	<verb attrib="fl" word="appear"/>
	<verb attrib="if" word="ask"/>
	<verb attrib="if" word="asphyxiate"/>
	<verb attrib="if" word="backlog"/>
	<verb attrib="fl" word="become"/>
	<verb attrib="if" word="belt"/>
	<verb attrib="if" word="benefit"/>
	<verb attrib="f" word="bother"/>
	<verb attrib="if" past="broke" pastPart="broken" word="break"/>
	<verb attrib="h" word="can"/>
	<verb attrib="if" word="carry"/>
	<verb attrib="if" word="catch"/>
	<verb attrib="if" word="click"/>
	<verb attrib="f" word="close"/>
	<verb attrib="if" word="collide"/>
	<verb attrib="f" word="convolute"/>
	<verb attrib="if" word="cook"/>
	<verb attrib="f" word="coordinate"/>
	<verb attrib="if" word="correspond"/>
	<verb attrib="h" word="could"/>
	<verb attrib="if" word="cry"/>
	<verb attrib="if" word="dance"/>
	<verb attrib="if" word="deliver"/>
	<verb attrib="if" word="detonate"/>
	<verb attrib="if" word="digress"/>
	<verb attrib="if" word="diminish"/>
	<verb attrib="if" word="distribute"/>
	<verb attrib="fhl" past="did" pastPart="done" word="do"/>
	<verb attrib="f" word="double"/>
	<verb attrib="if" word="drill"/>
	<verb attrib="if" past="drank" pastPart="drunk" word="drink"/>
	<verb attrib="if" part="dropping" past="dropped" pastPart="dropped" word="drop"/>
	<verb attrib="if" past="ate" pastPart="eaten" word="eat"/>
	<verb attrib="if" part="excelling" past="excelled" pastPart="excelled" word="excel"/>
	<verb attrib="if" word="expatriate"/>
	<verb attrib="if" word="fail"/>
	<verb attrib="if" past="fell" pastPart="fallen" word="fall"/>
	<verb attrib="fl" past="felt" pastPart="felt" word="feel"/>
	<verb attrib="if" word="flatten"/>
	<verb attrib="if" word="flatter"/>
	<verb attrib="if" word="flourish"/>
	<verb attrib="if" word="foam"/>
	<verb attrib="if" word="fraternize"/>
	<verb attrib="f" word="frolic"/>
	<verb attrib="f" word="frustrate"/>
	<verb attrib="if" word="fulminate"/>
	<verb attrib="f" word="gain"/>
	<verb attrib="fl" past="got" pastPart="gotten" word="get"/>
	<verb attrib="fl" past="went" pastPart="gone" word="go"/>
	<verb attrib="if" word="gorge"/>
	<verb attrib="fl" past="grew" pastPart="grown" word="grow"/>
	<verb attrib="if" word="hunker"/>
	<verb attrib="if" word="immigrate"/>
	<verb attrib="f" word="importune"/>
	<verb attrib="if" word="impose"/>
	<verb attrib="if" word="inch"/>
	<verb attrib="if" word="irritate"/>
	<verb attrib="if" word="join"/>
	<verb attrib="if" word="languish"/>
	<verb attrib="if" word="lock"/>
	<verb attrib="fl" word="look"/>
	<verb attrib="if" word="loop"/>
	<verb attrib="if" word="lord"/>
	<verb attrib="h" word="may"/>
	<verb attrib="h" word="might"/>
	<verb attrib="if" word="mush"/>
	<verb attrib="h" word="must"/>
	<verb attrib="if" word="oblige"/>
	<verb attrib="f" word="order"/>
	<verb attrib="if" word="orientate"/>
	<verb attrib="if" word="pant"/>
	<verb attrib="if" word="phone"/>
	<verb attrib="if" word="play"/>
	<verb attrib="if" word="pose"/>
	<verb attrib="if" word="powder"/>
	<verb attrib="f" word="precipitate"/>
	<verb attrib="fl" word="prove"/>
	<verb attrib="if" word="publish"/>
	<verb attrib="if" past="read" pastPart="read" word="read"/>
	<verb attrib="if" word="recite"/>
	<verb attrib="if" word="regenerate"/>
	<verb attrib="if" word="reign"/>
	<verb attrib="if" word="relate"/>
	<verb attrib="fl" word="remain"/>
	<verb attrib="if" word="resolve"/>
	<verb attrib="if" word="rev"/>
	<verb attrib="if" word="rot"/>
	<verb attrib="if" past="ran" word="run"/>
	<verb attrib="if" word="scamper"/>
	<verb attrib="if" word="secede"/>
	<verb attrib="fl" word="seem"/>
	<verb attrib="h" word="shall"/>
	<verb attrib="if" word="shimmy"/>
	<verb attrib="if" word="shop"/>
	<verb attrib="if" word="shoplift"/>
	<verb attrib="h" word="should"/>
	<verb attrib="if" word="shudder"/>
	<verb attrib="if" word="shy"/>
	<verb attrib="if" past="sang" pastPart="sung" word="sing"/>
	<verb attrib="if" word="sizzle"/>
	<verb attrib="if" word="ski"/>
	<verb attrib="if" part="skipping" past="skipped" pastPart="skipped" word="skip"/>
	<verb attrib="fl" word="smell"/>
	<verb attrib="if" word="smile"/>
	<verb attrib="if" word="snap"/>
	<verb attrib="if" word="snore"/>
	<verb attrib="if" word="sock"/>
	<verb attrib="if" word="soften"/>
	<verb attrib="if" word="somnambulate"/>
	<verb attrib="fl" word="sound"/>
	<verb attrib="if" part="stabbing" past="stabbed" pastPart="stabbed" word="stab"/>
	<verb attrib="if" word="steam"/>
	<verb attrib="if" word="stifle"/>
	<verb attrib="if" word="stock"/>
	<verb attrib="if" word="strangle"/>
	<verb attrib="f" word="suffice"/>
	<verb attrib="if" word="surfiet"/>
	<verb attrib="if" word="swing"/>
	<verb attrib="fl" word="taste"/>
	<verb attrib="if" word="transgress"/>
	<verb attrib="if" word="trek"/>
	<verb attrib="f" part="trimming" past="trimmed" pastPart="trimmed" word="trim"/>
	<verb attrib="if" word="troupe"/>
	<verb attrib="fl" word="turn"/>
	<verb attrib="f" word="utter"/>
	<verb attrib="if" word="volley"/>
	<verb attrib="if" word="waddle"/>
	<verb attrib="if" word="wait"/>
	<verb attrib="if" word="walk"/>
	<verb attrib="f" word="ward"/>
	<verb attrib="if" word="wash"/>
	<verb attrib="h" word="will"/>
	<verb attrib="if" word="win"/>
	<verb attrib="if" word="wince"/>
	<verb attrib="if" word="wither"/>
	<verb attrib="h" word="would"/>
	<verb attrib="if" past="wrote" pastPart="written" word="write"/>
	<verb attrib="if" word="yawn"/>
	<verb attrib="if" word="yearn"/>
	<verb attrib="if" word="zoom"/>
	<adj word="aberrant"/>
	<adj word="abrasive"/>
	<adj word="abrupt"/>
	<adj word="absolute"/>
	<adj word="abstract"/>
	<adj word="abstruse"/>
	<adj word="absurd"/>
	<adj word="accurate"/>
	<adj word="acrid"/>
	<adj word="acute"/>
	<adj word="adept"/>
	<adj word="adequate"/>
	<adj word="adroit"/>
	<adj word="adverse"/>
	<adj word="affectionate"/>
	<adj word="aghast"/>
	<adj word="agile"/>
	<adj word="alert"/>
	<adj word="aloof"/>
	<adj word="amateur"/>
	<adj attrib="c" word="amber"/>
	<adj attrib="c" word="amethyst"/>
	<adj word="ample"/>
	<adj word="angular"/>
	<adj word="apposite"/>
	<adj word="appropriate"/>
	<adj word="approximate"/>
	<adj word="apt"/>
	<adj attrib="c" word="aquamarine"/>
	<adj word="arcane"/>
	<adj word="arid"/>
	<adj word="articulate"/>
	<adj word="asinine"/>
	<adj word="astute"/>
	<adj word="august"/>
	<adj word="austere"/>
	<adj word="avid"/>
	<adj word="awesome"/>
	<adj word="awestruck"/>
	<adj word="awkward"/>
	<adj attrib="c" word="azure"/>
	<adj word="backward"/>
	<adj word="bad"/>
	<adj word="bald"/>
	<adj word="bare"/>
	<adj word="basic"/>
	<adj word="bellicose"/>
	<adj word="benign"/>
	<adj word="berserk"/>
	<adj word="bitter"/>
	<adj word="bittersweet"/>
	<adj word="bizarre"/>
	<adj attrib="c" word="black"/>
	<adj word="bland"/>
	<adj word="blank"/>
	<adj word="bleak"/>
	<adj word="blind"/>
	<adj word="blithe"/>
	<adj attrib="c" word="blue"/>
	<adj word="blunt"/>
	<adj word="bold"/>
	<adj word="bovine"/>
	<adj word="brash"/>
	<adj word="brave"/>
	<adj word="brazen"/>
	<adj word="brief"/>
	<adj word="bright"/>
	<adj word="brisk"/>
	<adj word="brittle"/>
	<adj word="broad"/>
	<adj word="broken"/>
	<adj attrib="c" word="brown"/>
	<adj word="brusque"/>
	<adj attrib="c" word="burgundy"/>
	<adj word="callous"/>
	<adj word="callow"/>
	<adj word="calm"/>
	<adj word="candid"/>
	<adj word="celibate"/>
	<adj word="certain"/>
	<adj attrib="c" word="cerulean"/>
	<adj word="chaste"/>
	<adj word="circular"/>
	<adj word="circumspect"/>
	<adj word="civil"/>
	<adj word="clandestine"/>
	<adj word="clean"/>
	<adj word="clear"/>
	<adj word="clever"/>
	<adj word="coarse"/>
	<adj word="cold"/>
	<adj word="comatose"/>
	<adj word="common"/>
	<adj word="compact"/>
	<adj word="compassionate"/>
	<adj word="complete"/>
	<adj word="complex"/>
	<adj word="compliant"/>
	<adj word="concise"/>
	<adj word="conjoint"/>
	<adj word="connate"/>
	<adj word="considerate"/>
	<adj word="consulate"/>
	<adj word="consummate"/>
	<adj word="contrite"/>
	<adj word="converse"/>
	<adj word="cool"/>
	<adj attrib="c" word="coral"/>
	<adj word="correct"/>
	<adj word="covert"/>
	<adj word="coy"/>
	<adj word="crass"/>
	<adj word="craven"/>
	<adj word="crestfallen"/>
	<adj attrib="c" word="crimson"/>
	<adj word="crisp"/>
	<adj word="crude"/>
	<adj word="cruel"/>
	<adj word="cumbersome"/>
	<adj word="curt"/>
	<adj word="cute"/>
	<adj attrib="c" word="cyan"/>
	<adj word="daft"/>
	<adj word="damp"/>
	<adj word="dapper"/>
	<adj word="dark"/>
	<adj word="deaf"/>
	<adj word="dear"/>
	<adj word="debonair"/>
	<adj word="deep"/>
	<adj word="definite"/>
	<adj word="deft"/>
	<adj word="deliberate"/>
	<adj word="delicate"/>
	<adj word="demure"/>
	<adj word="dense"/>
	<adj word="desolate"/>
	<adj word="desperate"/>
	<adj word="devout"/>
	<adj word="difficult"/>
	<adj word="dim"/>
	<adj word="dire"/>
	<adj word="direct"/>
	<adj word="discreet"/>
	<adj word="discreet"/>
	<adj word="discriminate"/>
	<adj word="distinct"/>
	<adj word="distinct"/>
	<adj word="distraught"/>
	<adj word="divine"/>
	<adj word="docile"/>
	<adj word="dour"/>
	<adj word="downcast"/>
	<adj word="downtrodden"/>
	<adj word="downward"/>
	<adj word="drunken"/>
	<adj word="dry"/>
	<adj word="due"/>
	<adj word="dulcet"/>
	<adj word="dumb"/>
	<adj word="eager"/>
	<adj word="earnest"/>
	<adj attrib="c" word="ebony"/>
	<adj word="effeminate"/>
	<adj word="effete"/>
	<adj word="elaborate"/>
	<adj attrib="c" word="emerald"/>
	<adj word="entire"/>
	<adj word="erect"/>
	<adj word="erudite"/>
	<adj word="even"/>
	<adj word="evil"/>
	<adj word="exact"/>
	<adj word="explicit"/>
	<adj word="express"/>
	<adj word="exquisite"/>
	<adj word="extortionate"/>
	<adj word="facile"/>
	<adj word="faint"/>
	<adj word="fair"/>
	<adj word="false"/>
	<adj word="familiar"/>
	<adj word="fearsome"/>
	<adj word="feeble"/>
	<adj word="feminine"/>
	<adj word="fervid"/>
	<adj word="fetid"/>
	<adj word="fickle"/>
	<adj word="fierce"/>
	<adj word="fine"/>
	<adj word="firm"/>
	<adj word="flat"/>
	<adj word="florid"/>
	<adj word="fluid"/>
	<adj word="fond"/>
	<adj word="foreign"/>
	<adj word="forlorn"/>
	<adj word="forsaken"/>
	<adj word="forthright"/>
	<adj word="fortunate"/>
	<adj word="forward"/>
	<adj word="foul"/>
	<adj word="fragile"/>
	<adj word="frail"/>
	<adj word="frank"/>
	<adj word="free"/>
	<adj word="fresh"/>
	<adj word="frigid"/>
	<adj word="frolicsome"/>
	<adj word="frozen"/>
	<adj word="full"/>
	<adj word="fulsome"/>
	<adj word="futile"/>
	<adj word="geneel"/>
	<adj word="genuine"/>
	<adj word="germane"/>
	<adj word="ghastly"/>
	<adj word="glad"/>
	<adj word="glum"/>
	<adj attrib="c" word="gold"/>
	<adj word="grand"/>
	<adj word="grandiose"/>
	<adj word="grave"/>
	<adj attrib="c" word="gray"/>
	<adj word="great"/>
	<adj attrib="c" word="green"/>
	<adj word="grim"/>
	<adj word="gross"/>
	<adj word="grotesque"/>
	<adj word="gruesome"/>
	<adj word="gruff"/>
	<adj word="haggard"/>
	<adj word="handsome"/>
	<adj word="haphazard"/>
	<adj word="hard"/>
	<adj word="harsh"/>
	<adj word="heartbroken"/>
	<adj word="heartfelt"/>
	<adj word="heavenly"/>
	<adj word="hidden"/>
	<adj word="high"/>
	<adj word="hoarse"/>
	<adj word="hollow"/>
	<adj word="honest"/>
	<adj word="horrid"/>
	<adj word="hostile"/>
	<adj word="hot"/>
	<adj word="huge"/>
	<adj word="human"/>
	<adj word="humane"/>
	<adj word="humble"/>
	<adj word="hurt"/>
	<adj word="immaculate"/>
	<adj word="immature"/>
	<adj word="immediate"/>
	<adj word="immense"/>
	<adj word="immoderate"/>
	<adj word="immodest"/>
	<adj word="imperfect"/>
	<adj word="implicit"/>
	<adj word="impolite"/>
	<adj word="imprecise"/>
	<adj word="improper"/>
	<adj word="impure"/>
	<adj word="inane"/>
	<adj attrib="c" word="indigo"/>
	<adj word="inept"/>
	<adj word="insipid"/>
	<adj word="intimate"/>
	<adj word="intrepid"/>
	<adj word="intricate"/>
	<adj word="irate"/>
	<adj word="irksome"/>
	<adj word="irregular"/>
	<adj word="irresolute"/>
	<adj word="jejune"/>
	<adj word="jocose"/>
	<adj word="jocular"/>
	<adj word="joint"/>
	<adj word="just"/>
	<adj word="keen"/>
	<adj word="kind"/>
	<adj word="lachrymose"/>
	<adj word="lackluster"/>
	<adj word="lame"/>
	<adj word="languid"/>
	<adj attrib="c" word="lavender"/>
	<adj word="lax"/>
	<adj word="leaden"/>
	<adj word="level"/>
	<adj word="lewd"/>
	<adj word="light"/>
	<adj attrib="c" word="lilac"/>
	<adj word="limber"/>
	<adj attrib="c" word="lime"/>
	<adj word="limpid"/>
	<adj word="lissome"/>
	<adj word="lithe"/>
	<adj attrib="c" word="livid"/>
	<adj word="lonesome"/>
	<adj word="loose"/>
	<adj word="lost"/>
	<adj word="loud"/>
	<adj word="low"/>
	<adj word="lucid"/>
	<adj attrib="c" word="lurid"/>
	<adj word="lush"/>
	<adj word="macabre"/>
	<adj word="mad"/>
	<adj attrib="c" word="magenta"/>
	<adj word="maiden"/>
	<adj attrib="c" word="maroon"/>
	<adj word="masculine"/>
	<adj word="mature"/>
	<adj attrib="c" word="mauve"/>
	<adj word="mean"/>
	<adj word="meddlesome"/>
	<adj word="meek"/>
	<adj word="mellow"/>
	<adj word="mere"/>
	<adj word="mild"/>
	<adj word="minuscule"/>
	<adj word="minute"/>
	<adj word="mistaken"/>
	<adj word="moderate"/>
	<adj word="modest"/>
	<adj word="moist"/>
	<adj attrib="c" word="monochrome"/>
	<adj word="morbid"/>
	<adj word="morose"/>
	<adj word="mundane"/>
	<adj word="muscular"/>
	<adj word="mute"/>
	<adj word="narrow"/>
	<adj attrib="c" word="navy blue"/>
	<adj word="near"/>
	<adj word="neat"/>
	<adj word="nice"/>
	<adj word="nimble"/>
	<adj word="noisome"/>
	<adj word="nude"/>
	<adj word="numb"/>
	<adj word="obdurate"/>
	<adj word="oblique"/>
	<adj word="obscene"/>
	<adj word="obscure"/>
	<adj word="obstinate"/>
	<adj word="obtuse"/>
	<adj attrib="c" word="ochre"/>
	<adj word="odd"/>
	<adj attrib="c" word="olive"/>
	<adj word="onward"/>
	<adj word="open"/>
	<adj word="operose"/>
	<adj word="opportune"/>
	<adj word="opposite"/>
	<adj word="oracular"/>
	<adj attrib="c" word="orange"/>
	<adj word="ordinate"/>
	<adj word="ornate"/>
	<adj word="orthodox"/>
	<adj word="outspoken"/>
	<adj word="outward"/>
	<adj word="overt"/>
	<adj attrib="c" word="pale"/>
	<adj attrib="c" word="pallid"/>
	<adj word="paranoid"/>
	<adj word="particular"/>
	<adj word="passionate"/>
	<adj word="peculiar"/>
	<adj word="pellucid"/>
	<adj word="penultimate"/>
	<adj word="peptic"/>
	<adj word="perfect"/>
	<adj word="perpendicular"/>
	<adj word="pert"/>
	<adj word="perverse"/>
	<adj word="picturesque"/>
	<adj attrib="c" word="pink"/>
	<adj word="placid"/>
	<adj word="plain"/>
	<adj attrib="c" word="plum"/>
	<adj word="polite"/>
	<adj word="poor"/>
	<adj word="pristine"/>
	<adj word="private"/>
	<adj word="profane"/>
	<adj word="profligate"/>
	<adj word="profound"/>
	<adj word="profuse"/>
	<adj word="prompt"/>
	<adj word="proper"/>
	<adj word="proportionate"/>
	<adj word="proud"/>
	<adj attrib="c" word="puce"/>
	<adj word="puerile"/>
	<adj word="pure"/>
	<adj attrib="c" word="purple"/>
	<adj word="putrid"/>
	<adj word="quaint"/>
	<adj word="quarrelsome"/>
	<adj word="quick"/>
	<adj word="quiet"/>
	<adj word="rabid"/>
	<adj word="rancid"/>
	<adj word="random"/>
	<adj word="rank"/>
	<adj word="rapid"/>
	<adj word="rapt"/>
	<adj word="rare"/>
	<adj word="rash"/>
	<adj attrib="c" word="red"/>
	<adj word="regular"/>
	<adj word="remote"/>
	<adj word="resolute"/>
	<adj word="ribald"/>
	<adj word="rich"/>
	<adj word="rigid"/>
	<adj word="ripe"/>
	<adj word="risque"/>
	<adj word="robust"/>
	<adj attrib="c" word="rose"/>
	<adj word="rotund"/>
	<adj word="rough"/>
	<adj word="round"/>
	<adj word="rude"/>
	<adj word="sad"/>
	<adj word="safe"/>
	<adj word="sage"/>
	<adj word="sane"/>
	<adj attrib="c" word="sangria"/>
	<adj attrib="c" word="sanguine"/>
	<adj attrib="c" word="sapphire"/>
	<adj word="saturnine"/>
	<adj word="savage"/>
	<adj word="scarce"/>
	<adj attrib="c" word="scarlet"/>
	<adj word="secret"/>
	<adj word="secure"/>
	<adj word="sedate"/>
	<adj word="separate"/>
	<adj word="serene"/>
	<adj word="serpentine"/>
	<adj word="servile"/>
	<adj word="severe"/>
	<adj word="shaken"/>
	<adj word="shallow"/>
	<adj word="sharp"/>
	<adj word="short"/>
	<adj word="shrewd"/>
	<adj word="shrill"/>
	<adj word="shy"/>
	<adj word="sick"/>
	<adj attrib="c" word="silver"/>
	<adj word="similar"/>
	<adj word="simple"/>
	<adj word="sincere"/>
	<adj word="singular"/>
	<adj word="sinister"/>
	<adj word="sleek"/>
	<adj word="slender"/>
	<adj word="slick"/>
	<adj word="slight"/>
	<adj word="sloven"/>
	<adj word="slow"/>
	<adj word="sly"/>
	<adj word="smart"/>
	<adj word="smooth"/>
	<adj word="smug"/>
	<adj word="snide"/>
	<adj word="snug"/>
	<adj word="sober"/>
	<adj word="sodden"/>
	<adj word="soft"/>
	<adj word="sole"/>
	<adj word="solemn"/>
	<adj word="solid"/>
	<adj word="solute"/>
	<adj word="somber"/>
	<adj word="sordid"/>
	<adj word="sore"/>
	<adj word="sound"/>
	<adj word="sour"/>
	<adj word="sparse"/>
	<adj word="spartan"/>
	<adj word="splendid"/>
	<adj word="sprite"/>
	<adj word="spry"/>
	<adj word="square"/>
	<adj word="staid"/>
	<adj word="stale"/>
	<adj word="stalwart"/>
	<adj word="stark"/>
	<adj word="state"/>
	<adj word="statuesque"/>
	<adj word="staunch"/>
	<adj word="steadfast"/>
	<adj word="steep"/>
	<adj word="stern"/>
	<adj word="stiff"/>
	<adj word="stolid"/>
	<adj word="stout"/>
	<adj word="straight"/>
	<adj word="straightforward"/>
	<adj word="strange"/>
	<adj word="strict"/>
	<adj word="strong"/>
	<adj word="stubborn"/>
	<adj word="stupid"/>
	<adj word="suave"/>
	<adj word="subordinate"/>
	<adj word="subtle"/>
	<adj word="succinct"/>
	<adj word="sudden"/>
	<adj word="sullen"/>
	<adj word="superb"/>
	<adj word="supple"/>
	<adj word="sure"/>
	<adj word="svelte"/>
	<adj word="sweet"/>
	<adj word="swift"/>
	<adj word="swollen"/>
	<adj word="tacit"/>
	<adj word="taciturn"/>
	<adj word="tactile"/>
	<adj word="tame"/>
	<adj word="tart"/>
	<adj word="taut"/>
	<adj attrib="c" word="teal"/>
	<adj word="temperate"/>
	<adj word="tender"/>
	<adj word="tense"/>
	<adj word="tepid"/>
	<adj word="terse"/>
	<adj word="thick"/>
	<adj word="thin"/>
	<adj word="thorough"/>
	<adj word="thus"/>
	<adj word="tight"/>
	<adj word="timid"/>
	<adj word="tiresome"/>
	<adj word="torn"/>
	<adj word="torpid"/>
	<adj word="torrid"/>
	<adj word="tough"/>
	<adj word="tranquil"/>
	<adj word="triangular"/>
	<adj word="trite"/>
	<adj word="true"/>
	<adj word="tumid"/>
	<adj word="turgid"/>
	<adj attrib="c" word="turquoise"/>
	<adj word="ultimate"/>
	<adj word="unctuous"/>
	<adj word="unfortunate"/>
	<adj word="uniform"/>
	<adj word="unique"/>
	<adj word="upright"/>
	<adj word="upset"/>
	<adj word="upward"/>
	<adj word="urbane"/>
	<adj word="utile"/>
	<adj word="vague"/>
	<adj word="vain"/>
	<adj word="valid"/>
	<adj word="vapid"/>
	<adj word="vast"/>
	<adj word="venturesome"/>
	<adj word="verbose"/>
	<adj word="vile"/>
	<adj attrib="c" word="violet"/>
	<adj attrib="c" word="viridian"/>
	<adj word="vivid"/>
	<adj word="volatile"/>
	<adj word="vulgar"/>
	<adj word="wanton"/>
	<adj word="warm"/>
	<adj word="wayward"/>
	<adj word="weak"/>
	<adj word="wearisome"/>
	<adj word="weird"/>
	<adj word="wet"/>
	<adj attrib="c" word="white"/>
	<adj word="whole"/>
	<adj word="wide"/>
	<adj word="wild"/>
	<adj word="winsome"/>
	<adj word="wise"/>
	<adj word="wooden"/>
	<adj word="wrong"/>
	<adj word="wry"/>
	<adj attrib="c" word="yellow"/>
	<adv word="about"/>
	<adv word="acapella"/>
	<adv word="after"/>
	<adv word="afterwards"/>
	<adv word="again"/>
	<adv word="agape"/>
	<adv word="almost"/>
	<adv word="alone"/>
	<adv word="aloud"/>
	<adv word="already"/>
	<adv word="also"/>
	<adv word="amuck"/>
	<adv word="anew"/>
	<adv word="anyway"/>
	<adv word="apart"/>
	<adv word="around"/>
	<adv word="aside"/>
	<adv word="askance"/>
	<adv word="askew"/>
	<adv word="asunder"/>
	<adv word="away"/>
	<adv word="awhile"/>
	<adv word="back"/>
	<adv word="backward"/>
	<adv word="backwards"/>
	<adv word="beforehand"/>
	<adv word="bent"/>
	<adv word="better"/>
	<adv word="businesslike"/>
	<adv word="clearer"/>
	<adv word="clockwise"/>
	<adv word="closer"/>
	<adv word="counterclockwise"/>
	<adv word="deadpan"/>
	<adv word="deeper"/>
	<adv word="downward"/>
	<adv word="elsewhere"/>
	<adv word="everywhere"/>
	<adv word="faster"/>
	<adv word="first"/>
	<adv word="forth"/>
	<adv word="forward"/>
	<adv word="further"/>
	<adv word="furthermore"/>
	<adv word="ghastly"/>
	<adv word="gingerly"/>
	<adv word="halfway"/>
	<adv word="hard"/>
	<adv word="harder"/>
	<adv word="headlong"/>
	<adv word="higher"/>
	<adv word="however"/>
	<adv word="instead"/>
	<adv word="inward"/>
	<adv word="inwards"/>
	<adv word="just"/>
	<adv word="ladylike"/>
	<adv word="left"/>
	<adv word="leftward"/>
	<adv word="lengthwise"/>
	<adv word="less"/>
	<adv word="less"/>
	<adv word="likewise"/>
	<adv word="lots"/>
	<adv word="louder"/>
	<adv word="lower"/>
	<adv word="meanwhile"/>
	<adv word="more"/>
	<adv word="most"/>
	<adv word="nearer"/>
	<adv word="next"/>
	<adv word="nonetheless"/>
	<adv word="now"/>
	<adv word="off"/>
	<adv word="often"/>
	<adv word="once"/>
	<adv word="only"/>
	<adv word="onward"/>
	<adv word="onwards"/>
	<adv word="otherwise"/>
	<adv word="out"/>
	<adv word="outright"/>
	<adv word="outward"/>
	<adv word="outwards"/>
	<adv word="overhead"/>
	<adv word="overmuch"/>
	<adv word="parallel"/>
	<adv word="partway"/>
	<adv word="past"/>
	<adv word="pointblank"/>
	<adv word="quicker"/>
	<adv word="regardless"/>
	<adv word="right"/>
	<adv word="rightward"/>
	<adv word="sideways"/>
	<adv word="skyward"/>
	<adv word="slower"/>
	<adv word="soaked"/>
	<adv word="softer"/>
	<adv word="somehow"/>
	<adv word="sometimes"/>
	<adv word="somewhat"/>
	<adv word="soon"/>
	<adv word="still"/>
	<adv word="straight"/>
	<adv word="stupified"/>
	<adv word="then"/>
	<adv word="thrice"/>
	<adv word="tighter"/>
	<adv word="together"/>
	<adv word="too"/>
	<adv word="twice"/>
	<adv word="unannounced"/>
	<adv word="unawares"/>
	<adv word="underfoot"/>
	<adv word="unseen"/>
	<adv word="upbeat"/>
	<adv word="upright"/>
	<adv word="upward"/>
	<adv word="verbatim"/>
	<adv word="very"/>
	<adv word="withdrawn"/>
	<adv word="worrisome"/>
	<conj word="after"/>
	<conj word="although"/>
	<conj attrib="s" word="and"/>
	<conj attrib="s" rel="both" word="and"/>
	<conj word="as"/>
	<conj word="because"/>
	<conj word="before"/>
	<conj attrib="s" word="but"/>
	<conj attrib="s" word="for"/>
	<conj word="if"/>
	<conj attrib="s" word="nor"/>
	<conj attrib="s" rel="neither" word="nor"/>
	<conj attrib="s" word="or"/>
	<conj attrib="s" rel="either" word="or"/>
	<conj attrib="s" rel="whether" word="or"/>
	<conj word="since"/>
	<conj attrib="s" word="so"/>
	<conj word="though"/>
	<conj word="unless"/>
	<conj word="until"/>
	<conj word="when"/>
	<conj word="whereas"/>
	<conj word="while"/>
	<conj attrib="s" word="yet"/>
	<prep word="aboard"/>
	<prep word="about"/>
	<prep word="above"/>
	<prep word="absent"/>
	<prep word="across"/>
	<prep word="after"/>
	<prep word="against"/>
	<prep word="along"/>
	<prep word="alongside"/>
	<prep word="amid"/>
	<prep word="amidst"/>
	<prep word="among"/>
	<prep word="amongst"/>
	<prep word="around"/>
	<prep word="as"/>
	<prep word="aslant"/>
	<prep word="astride"/>
	<prep word="at"/>
	<prep word="athwart"/>
	<prep word="atop"/>
	<prep word="barring"/>
	<prep word="before"/>
	<prep word="behind"/>
	<prep word="below"/>
	<prep word="beneath"/>
	<prep word="beside"/>
	<prep word="besides"/>
	<prep word="between"/>
	<prep word="beyond"/>
	<prep word="but"/>
	<prep word="by"/>
	<prep word="despite"/>
	<prep word="down"/>
	<prep word="during"/>
	<prep word="except"/>
	<prep word="failing"/>
	<prep word="following"/>
	<prep word="for"/>
	<prep word="from"/>
	<prep word="in"/>
	<prep word="inside"/>
	<prep word="into"/>
	<prep word="like"/>
	<prep word="minus"/>
	<prep word="near"/>
	<prep word="next"/>
	<prep word="notwithstanding"/>
	<prep word="of"/>
	<prep word="off"/>
	<prep word="on"/>
	<prep word="onto"/>
	<prep word="opposite"/>
	<prep word="out"/>
	<prep word="outside"/>
	<prep word="over"/>
	<prep word="past"/>
	<prep word="per"/>
	<prep word="plus"/>
	<prep word="round"/>
	<prep word="save"/>
	<prep word="since"/>
	<prep word="than"/>
	<prep word="through"/>
	<prep word="throughout"/>
	<prep word="till"/>
	<prep word="times"/>
	<prep word="to"/>
	<prep word="toward"/>
	<prep word="towards"/>
	<prep word="under"/>
	<prep word="underneath"/>
	<prep word="unlike"/>
	<prep word="until"/>
	<prep word="up"/>
	<prep word="upon"/>
	<prep word="via"/>
	<prep word="with"/>
	<prep word="within"/>
	<prep word="without"/>
	<prep word="worth"/>
	<interj word="adios"/>
	<interj word="ah"/>
	<interj word="aha"/>
	<interj word="ahem"/>
	<interj word="ahoy"/>
	<interj word="alack"/>
	<interj word="alas"/>
	<interj word="alleluia"/>
	<interj word="aw"/>
	<interj word="ay"/>
	<interj word="bah"/>
	<interj word="begorra"/>
	<interj word="behold"/>
	<interj word="bejesus"/>
	<interj word="bingo"/>
	<interj word="boo"/>
	<interj word="bravo"/>
	<interj word="cheerio"/>
	<interj word="cheers"/>
	<interj word="crikey"/>
	<interj word="cripes"/>
	<interj word="dear"/>
	<interj word="doh"/>
	<interj word="duh"/>
	<interj word="eh"/>
	<interj word="encore"/>
	<interj word="eureka"/>
	<interj word="goodness"/>
	<interj word="gosh"/>
	<interj word="great"/>
	<interj word="ha-ha"/>
	<interj word="hah"/>
	<interj word="hail"/>
	<interj word="hallelujah"/>
	<interj word="heigh-ho"/>
	<interj word="hello"/>
	<interj word="hem"/>
	<interj word="hey"/>
	<interj word="hip"/>
	<interj word="hmm"/>
	<interj word="howdy"/>
	<interj word="huh"/>
	<interj word="humph"/>
	<interj word="hurray"/>
	<interj word="hush"/>
	<interj word="indeed"/>
	<interj word="jeez"/>
	<interj word="man"/>
	<interj word="now"/>
	<interj word="ooh"/>
	<interj word="oops"/>
	<interj word="ouch"/>
	<interj word="phew"/>
	<interj word="phooey"/>
	<interj word="pooh"/>
	<interj word="presto"/>
	<interj word="pshaw"/>
	<interj word="rats"/>
	<interj word="righto"/>
	<interj word="scat"/>
	<interj word="shoo"/>
	<interj word="shoot"/>
	<interj word="so"/>
	<interj word="so long"/>
	<interj word="tush"/>
	<interj word="ugh"/>
	<interj word="uh-huh"/>
	<interj word="uh-oh"/>
	<interj word="uh-uh"/>
	<interj word="viva"/>
	<interj word="voila"/>
	<interj word="wahoo"/>
	<interj word="well"/>
	<interj word="what"/>
	<interj word="whoa"/>
	<interj word="whoopee"/>
	<interj word="whoops"/>
	<interj word="whoosh"/>
	<interj word="wow"/>
	<interj word="yay"/>
	<interj word="yes"/>
	<interj word="yikes"/>
	<interj word="yippee"/>
	<interj word="yo"/>
	<interj word="yoicks"/>
	<interj word="yoo-hoo"/>
	<interj word="yuk"/>
	<interj word="yummy"/>
	<interj word="zap"/>
</words>
